{
  "test": {
    "accuracy": 0.7586238958623895,
    "macro_f1": 0.7725678719524621,
    "weighted_f1": 0.7591689010986677,
    "classification_report": {
      "negative": {
        "precision": 0.8751040799333888,
        "recall": 0.7643636363636364,
        "f1-score": 0.8159937888198758,
        "support": 1375.0
      },
      "neutral": {
        "precision": 0.7209346868416012,
        "recall": 0.7820486183253688,
        "f1-score": 0.7502491528802073,
        "support": 4813.0
      },
      "positive": {
        "precision": 0.7717516732056312,
        "recall": 0.732209327786293,
        "f1-score": 0.7514606741573033,
        "support": 4567.0
      },
      "accuracy": 0.7586238958623895,
      "macro avg": {
        "precision": 0.7892634799935404,
        "recall": 0.759540527491766,
        "f1-score": 0.7725678719524621,
        "support": 10755.0
      },
      "weighted avg": {
        "precision": 0.7622237702656581,
        "recall": 0.7586238958623895,
        "f1-score": 0.7591689010986677,
        "support": 10755.0
      }
    },
    "confusion_matrix": [
      [
        1051,
        255,
        69
      ],
      [
        129,
        3764,
        920
      ],
      [
        21,
        1202,
        3344
      ]
    ]
  }
}